Friction_Code,Friction_Name,Layer,Subcategory,Manifestation,Symptoms,Root_Cause,Consequences,Prevalence,Primary_Persona,Secondary_Persona,Resolution_Narrative
P1.1,Professional Identity Erosion,Psychological,Identity Threat,Employees perceive AI as devaluing expertise they've spent years/decades building,"'AI commoditizes what made me valuable'; Resistance framed as 'AI can't understand complexity' (expertise defense); Avoidance of AI tools despite training completion",Professional identity = technical mastery; AI suggests mastery is automatable,"Shallow usage (compliance theater), active sabotage (finding reasons AI 'doesn't work')",60-70% of employees with 10+ years domain experience,Subject Matter Experts,Senior Technical Staff,"Address through Dilts Level 1-2 workshops: Reframe identity from 'I am my technical skills' to 'I am a judgment-maker augmented by AI'. Use PVMAR framework to align individual expertise with strategic value (judgment, relationships, innovation) that AI cannot replace. Create new status hierarchy recognizing 'AI-augmented expert' as higher tier than 'traditional expert'. Showcase early adopters who leveraged AI to multiply impact, not replace expertise."
P1.2,Role Clarity Ambiguity,Psychological,Identity Threat,Employees unclear how their job changes with AI ('Am I manager reviewer trainer or obsolete?'),"'What's my role if AI does the analysis?'; Waiting for clarity rather than experimenting; Role confusion creates paralysis",Organizations deploy tools before defining new roles/responsibilities,"Low adoption despite tool availability—employees don't know how to integrate AI into workflows",50-60% of employees at mid-management/specialist levels,Mid-Level Managers,Business Analysts,"Co-create new role definitions with employees through facilitated workshops. Document 'Day in the Life' workflows showing before/after AI integration with clear handoffs. Develop role-specific adoption playbooks (e.g., 'Financial Analyst in AI Era' specifying: AI generates draft analysis, human validates assumptions, human presents insights with strategic recommendations). Provide role clarity through peer testimonials and manager coaching conversations."
P1.3,Competence Anxiety,Psychological,Identity Threat,Fear of appearing incompetent if unable to use AI effectively,"Avoiding AI in public/collaborative settings; Only using AI privately, not sharing results; Asking for 'more training' as delay tactic",Performance anxiety in learning new skills publicly especially for senior staff,Underground/shadow usage without knowledge-sharing,40-50% of employees highest among senior/visible roles,Senior Staff,C-Suite Executives,"Create psychologically safe learning environments through 'Learning Labs' where experimentation is celebrated. Implement 'Executive AI Office Hours' where leaders publicly learn alongside teams. Use storytelling to normalize struggle ('Even our CTO's first prompt was terrible—here's what we learned'). Provide private practice environments before public usage. Pair senior staff with peer mentors (not junior trainers) for dignity-preserving learning. Reframe competence from 'knows how' to 'learns fast'."
P1.4,Loss of Status/Recognition,Psychological,Identity Threat,Tasks that earned recognition (complex analysis problem-solving) now automated,"'Leadership won't value my work if AI does it'; Resentment toward AI adopters ('They're taking shortcuts')",Recognition systems tied to task completion not outcome quality,Elite performers resist adoption (have most to lose in status),30-40% of high performers,High Performers,Department Stars,"Redesign recognition systems to reward outcome quality and innovation rather than task completion. Create visible 'AI Pioneers' awards celebrating employees who use AI to achieve breakthrough results. Shift status hierarchy from 'works hardest' to 'creates most value' through executive messaging and promotion decisions. Provide high performers with exclusive access to advanced AI capabilities (status through early access). Document case studies showing high performers who 10x'ed their impact through AI adoption."
P2.1,Limiting Belief: AI Can't Handle Complexity,Psychological,Belief System,Conviction that AI works for simple tasks but fails on nuanced/complex problems,"Selective usage (trivial tasks only); Testing AI on edge cases to 'prove' it fails; Anecdotal evidence of failures generalized",Complexity = professional value; admitting AI handles complexity = admitting replaceability,"AI relegated to low-value tasks, never proves transformative value",50-60% of domain experts,Domain Experts,Senior Analysts,"Use Sleight of Mouth reframing: 'AI handles algorithmic complexity so you can focus on ambiguous complexity (stakeholder management, strategic choices)'. Demonstrate AI success on progressively complex tasks through live challenges. Create 'Complexity Continuum' showing AI handles certain complexity types (data-intensive, pattern recognition) while humans excel at others (political navigation, ethical judgment). Use peer testimonials from respected experts who initially held same belief but changed after evidence."
P2.2,Limiting Belief: AI Threatens Job Security,Psychological,Belief System,Existential fear that demonstrating AI effectiveness accelerates own obsolescence,"Passive resistance (don't obstruct, but don't help); Highlighting AI failures disproportionately; 'Automation layoff' narratives spread informally",Historical precedent (automation eliminated jobs) + organizational silence on workforce strategy,Adoption seen as career risk rather than career opportunity,40-50% of workforce especially in efficiency-focused cost-cutting environments,Mid-Career Employees,Operations Staff,"Provide explicit workforce strategy transparency: 'AI will eliminate tasks, not roles—we're redeploying capacity to growth initiatives'. Implement 'AI Skills = Job Security' narrative backed by data (companies with AI skills have higher employment growth). Create redeployment examples showing employees who automated their old role and moved to higher-value role. Offer 'Automation Bonus'—employees who automate their tasks get first access to new opportunity roles. Publicly commit to no AI-related layoffs during transformation period (12-24 months)."
P2.3,Limiting Belief: I'm Accountable for AI Mistakes,Psychological,Belief System,Fear that following AI recommendations creates unacceptable career risk if outcomes are negative,"'If AI is wrong, I'm fired—algorithm isn't'; Only using AI when human decision would reach same conclusion (confirmation bias usage); Requiring multiple validations before trusting AI output","Accountability structures unclear (who owns AI-assisted decisions?), incident reviews blame humans not systems","AI never influences critical decisions—relegated to advisory/informational role",60-70% in safety-critical or financially consequential domains,Risk Managers,Compliance Officers,"Establish clear accountability frameworks distinguishing 'AI-assisted' vs. 'AI-automated' decisions with documented RACI matrices. Create 'safe-to-fail' decision zones where AI recommendations can be followed with organizational air cover. Implement incident review protocols that analyze system design (not individual blame) when AI-assisted decisions fail. Provide decision insurance through oversight committees that share accountability. Document precedent cases showing fair treatment of employees who made reasonable AI-assisted decisions that failed."
P2.4,Limiting Belief: AI Lacks Intuition/Judgment,Psychological,Belief System,Belief that human intuition/pattern recognition is categorically superior to statistical inference,"'AI can't understand context like I can'; 'You need feel for this business/market/customer'; Dismissing AI recommendations as 'technically correct but practically wrong'",Mystique of expertise ('I just know') protects status; AI demystifies decision-making,AI adoption threatens to expose that 'intuition' is pattern recognition AI can replicate,50-60% of senior decision-makers (executives traders clinicians),Senior Decision-Makers,Traders/Clinicians,"Reframe intuition as 'fast pattern recognition from experience' which AI can learn from historical data. Demonstrate cases where AI detected patterns expert intuition missed (blind spots). Position AI as 'democratized intuition'—giving junior staff access to patterns senior experts accumulated over decades. Use A/B testing showing AI + human judgment outperforms either alone. Create 'Expert + AI' pilot programs where senior decision-makers document their intuition rules for AI to learn from."
P3.1,Misaligned Incentives,Psychological,Motivation & Incentive,Individual performance metrics don't reward AI usage or penalize non-usage,"'Why should I use AI? I hit my targets without it'; AI adoption seen as extra work with no benefit",Incentive systems (comp promotion) lag strategy (AI-first rhetoric vs. traditional performance metrics),Rational actors maximize personal outcomes by ignoring AI,70-80% of organizations in first 12 months of AI deployment,Individual Contributors,Sales Teams,"Redesign performance management systems to include AI adoption metrics alongside outcome metrics. Implement 'AI Accelerator' bonus tied to documented time savings or quality improvements from AI usage. Make AI proficiency requirement for promotion to senior roles. Create competitive leaderboards showing 'Most AI-Enabled Value Creation'. Fast-track high performers who demonstrate AI adoption in performance review cycles. Ensure managers are evaluated on team AI adoption rates."
P3.2,Loss Aversion (Effort Investment),Psychological,Motivation & Incentive,Perceived effort to learn AI exceeds perceived benefit,"'I don't have time to learn this'; Waiting for tools to become 'easier' rather than investing learning time",Cognitive bias—potential losses (time frustration) loom larger than potential gains (efficiency quality),Procrastination adoption delayed indefinitely,50-60% of employees especially those with heavy workloads,Overloaded Employees,Project Managers,"Reduce initial investment friction through 'microlearning' (15-minute modules). Provide 'AI Concierge' service where experts set up first use case for employee. Create 'Protected Learning Time' policy (2 hours/week designated AI experimentation). Demonstrate quick wins (ROI in first week) through role-specific templates. Implement 'Learning Investment Matching'—organization provides equivalent time back (e.g., automate reporting task first, freeing time for deeper AI learning)."
P3.3,Instant Gratification Gap,Psychological,Motivation & Incentive,AI benefits accrue over time (compound efficiency) but learning costs are immediate,"'It's faster to do it manually now than learn AI'; Early adopters discouraged by initial productivity dip",Human temporal discounting—value future rewards less than present costs,Adoption attempts abandoned after initial struggle,40-50% of employees who start but don't persist,New Adopters,Trial Users,"Design onboarding to deliver immediate micro-wins (day 1 success). Provide 'AI Starter Packs'—pre-configured templates for common tasks requiring minimal learning. Implement 'Persistence Coaching'—check-ins at day 3, week 2, month 1 to encourage through difficult initial phase. Visualize compound benefits through calculators ('15 min/day saved = 60 hours/year = 1.5 work weeks'). Create cohort-based learning where peer support reduces abandonment."
P3.4,Not-Invented-Here Bias,Psychological,Motivation & Incentive,Employees resist tools/processes they didn't design or weren't consulted on,"'This wasn't built for our use case'; Finding flaws rather than seeking value",Autonomy need violated; top-down mandates trigger psychological reactance,Rejection of even well-designed tools due to process not product,30-40% of employees highest in domains with strong professional identity,Professional Staff,Engineers,"Involve end users in AI tool selection and configuration through co-design workshops. Provide customization options so employees can tailor tools to their preferences. Frame adoption as 'pilot invitation' (opt-in) rather than 'mandate' (forced). Create feedback channels where employees can request features and see their input implemented. Highlight user-contributed improvements in tool updates. Use 'Build vs. Buy' transparently showing why external tools chosen when applicable."
P4.1,Change Fatigue,Psychological,Cognitive & Emotional,Exhaustion from previous failed/incomplete transformation initiatives,"'Here we go again—another flavor of the month'; Cynicism about leadership commitment; Passive waiting for 'this too to pass'",History of transformation churn without sustained follow-through,Defensive detachment—employees protect energy by not engaging,50-60% in organizations with high change initiative turnover,Change-Weary Staff,Middle Management,"Acknowledge change fatigue explicitly ('We know you've seen initiatives come and go'). Demonstrate commitment through multi-year roadmap with visible executive accountability. Consolidate initiatives—position AI as enabler for other transformations, not additive. Show 'staying power' through sustained investment and communication. Celebrate early completions and sustainability milestones. Provide 'change recovery' periods between major initiatives."
P4.2,Cognitive Overload,Psychological,Cognitive & Emotional,AI adoption competes with existing workload training and operational demands,"'I'll focus on AI after I finish current priority'; Attending training but not applying learnings",Finite cognitive capacity; AI feels like additive burden vs. enabling simplification,"AI adoption postponed indefinitely due to prioritization",60-70% of employees with >100% workload utilization,Overworked Employees,Frontline Staff,"Embed AI into existing priority workflows (don't add new workflows). Provide 'Workload Relief' by automating current tasks before introducing new capabilities. Create executive sponsorship for 'AI Sprint' periods where other work is deprioritized. Offer 'Automation First' policy—before assigning new work, explore if AI can handle it. Measure and visualize cognitive load reduction from AI adoption."
P4.3,Psychological Safety Deficit,Psychological,Cognitive & Emotional,Fear of punishment/embarrassment for mistakes during AI learning,"Not asking 'dumb questions' in training; Avoiding experimentation in production environments; Only using AI when confident of success (preventing learning)",Organizational culture punishes visible failure more than rewards visible learning,"Learning-by-doing never happens—employees stay in 'study mode'",50-60% in hierarchical/blame cultures,Junior Employees,Risk-Averse Teams,"Establish 'Learning Amnesty'—mistakes during AI experimentation explicitly protected from performance consequences. Create 'Failure Showcases' where leaders share their AI mistakes and learnings. Implement 'Ask Anything' channels with guaranteed no-judgment responses. Separate production and sandbox environments clearly. Celebrate visible experimentation regardless of outcome. Train managers on growth-mindset coaching."
P4.4,Ambiguity Intolerance,Psychological,Cognitive & Emotional,Discomfort with probabilistic AI outputs vs. deterministic traditional methods,"'I need certainty, not 85% confidence'; Requiring AI to be 100% accurate before trusting any recommendation",Cognitive preference for clarity; AI's probabilistic nature creates anxiety,"Perfect-as-enemy-of-good—rejecting 85% accuracy because it's not 100%",30-40% highest in engineering/scientific domains expecting precision,Engineers,Quality Assurance Staff,"Reframe from 'accuracy' to 'decision quality improvement'. Benchmark AI accuracy against current human accuracy (often lower than assumed). Use probabilistic language training ('85% confidence means 85% right, vs. 60% gut feel'). Provide calibration exercises showing humans are also probabilistic but less explicit. Create tiered use cases: high-stakes = high accuracy requirement, low-stakes = lower accuracy acceptable. Demonstrate value of 'good enough, fast' vs. 'perfect, slow'."
O1.1,Vision Ambiguity,Organizational,Leadership & Strategic,"Leadership communicates 'we're AI-first' without defining what that means operationally","Employees unclear on priority/urgency; Different leaders communicate conflicting AI messages; Strategy exists as slides, not operationalized roadmap",Vision created in boardroom without translation to frontline reality,"Middle management and employees don't know what 'good' AI usage looks like",60-70% of organizations with AI strategy,Middle Management,Frontline Employees,"Translate vision into concrete operational definitions: 'AI-first means: 1) Pilot AI solution before manual solution, 2) 80% of analysts use AI weekly, 3) 50% of decisions AI-assisted'. Create role-specific playbooks showing what AI-first looks like for each function. Develop measurable milestones (OKRs) cascading from vision. Hold quarterly 'Vision to Action' town halls showing progress. Empower middle managers to translate strategy to their team context."
O1.2,Executive Misalignment,Organizational,Leadership & Strategic,C-suite disagrees on AI purpose (cost reduction vs. innovation vs. revenue growth),"CFO says 'AI is efficiency play' CTO says 'AI is innovation engine'; Conflicting messages create confusion",Strategic choices not made—AI positioned as 'everything to everyone',"Resource allocation conflicts, initiative whiplash",50-60% of organizations,C-Suite,Executive Leadership,"Facilitate executive alignment workshop using G.R.I.P. prioritization to force explicit strategy choices. Create 'AI Investment Thesis' document signed by all C-suite defining primary objective and trade-offs. Establish Executive AI Steering Committee with defined decision rights. Use OKRs to align functional strategies to unified vision. Conduct quarterly strategy reviews to maintain alignment as conditions change."
O1.3,Leadership Visibility Deficit,Organizational,Leadership & Strategic,Executives talk about AI but don't visibly use it themselves,"'Do as I say not as I do' perception; Employees skeptical of commitment",Leadership relies on staff to synthesize AI insights rather than using tools directly,"Employees interpret as 'AI is for workers not leaders'—status signal works against adoption",70-80% of large enterprises,Executives,Senior Leadership,"Implement 'Leadership AI Accountability'—executives publicly demonstrate AI usage in meetings, presentations. Create 'Executive AI Champions' program where each C-suite member adopts specific AI use case. Share executive AI usage stories through internal communications. Make AI proficiency leadership competency in succession planning. Provide executive-grade AI tools and dedicated support to reduce friction."
O1.4,Middle Management Squeeze,Organizational,Leadership & Strategic,Middle managers caught between executive AI mandates and frontline resistance,"Managers lack resources/authority to support adoption; 'Telling people to use AI' without removing barriers",Middle management not equipped/empowered as change agents,"Passive compliance—managers track usage metrics without driving meaningful adoption",60-70% of organizations,Middle Managers,Team Leads,"Equip middle managers as change agents through dedicated AI leadership training. Provide managers with 'adoption toolkit' (templates, scripts, workshop guides). Create manager peer learning communities for sharing what works. Give managers budget authority for team AI initiatives. Include 'team AI adoption' in manager performance metrics with support resources. Recognize effective manager change leadership publicly."
O2.1,Siloed Ownership (IT vs Business),Organizational,Organizational Structure,IT owns AI technology business units own use cases—coordination failure,"IT builds what business didn't ask for; Business requests features IT can't/won't deliver; Finger-pointing when adoption lags",Matrix organization with unclear decision rights,Sub-optimal solutions nobody owns,70-80% of large federated organizations,IT Leadership,Business Unit Heads,"Establish cross-functional 'AI Product Teams' with joint IT-Business ownership. Implement 'You Build It, You Run It' model where business units have direct AI development capacity. Create clear decision rights matrix (RACI) for AI initiatives. Use Agile ceremonies (standups, retros) to maintain IT-Business alignment. Implement shared OKRs requiring both IT and Business success."
O2.2,Business Unit Fragmentation,Organizational,Organizational Structure,Each BU develops AI independently—duplicated effort incompatible solutions,"BU A builds contract AI, BU B also builds contract AI (waste); Solutions can't integrate across BUs",P&L accountability drives BU autonomy; centralized strategy can't mandate standardization,"Scale economies never realized; integration value lost",60-70% in decentralized/holding company structures,Business Unit Leaders,Regional Managers,"Create 'AI Center of Excellence' providing shared services (platforms, best practices) to BUs. Implement 'Build Once, Use Many' incentives—BUs get credit for creating reusable solutions. Establish AI architecture standards with governance teeth. Create cross-BU AI community of practice for knowledge sharing. Use enterprise architecture review board to prevent duplication. Demonstrate ROI of shared platforms vs. custom builds."
O2.3,Geographic Dispersion,Organizational,Organizational Structure,AI development happens at HQ field operations resist 'corporate' tools,"'HQ doesn't understand our local reality'; Field finds workarounds or doesn't adopt",Cultural/operational differences not accommodated in centralized design,"HQ believes 'AI deployed' field reality = minimal usage",50-60% in global organizations with strong regional identities,Field Operations,Regional Staff,"Include regional representatives in AI design teams from inception. Provide configuration flexibility for local customization within standard platform. Create 'Regional Champions' network with authority to adapt solutions. Conduct field pilots before HQ rollout to incorporate feedback. Use bilingual/multicultural change management materials. Demonstrate respect for regional expertise by incorporating local innovations into global standard."
O2.4,Hierarchy & Decision Bottlenecks,Organizational,Organizational Structure,AI adoption decisions require multiple approval layers slowing deployment,"6-month approval cycles; Innovation moves to competitors who move faster",Risk-averse governance imported from traditional IT,"By time AI tools approved, requirements changed or enthusiasm waned",50-60% in hierarchical/risk-averse cultures,Governance Staff,Approval Authorities,"Implement tiered decision-making: low-risk AI use cases get delegated approval authority. Create 'AI Fast Track' process for pre-approved use case patterns. Use 'Innovation Councils' with rotating membership to distribute decision-making. Implement time-boxed approval SLAs (2 weeks for low risk, 6 weeks for high risk). Demonstrate competitive risk of slow decision-making through market intelligence."
O3.1,Peer Pressure (Negative),Organizational,Team Dynamics,Social norms discourage AI usage ('try-hards' 'not real work'),"Mockery of AI enthusiasts; 'We've always done it this way' as social enforcement",Team identity tied to traditional methods; AI adoption = betraying group,Conformity pressure suppresses adoption even among willing individuals,40-50% in teams with strong traditional culture,Team Members,Peer Groups,"Reach critical mass of adopters (15-20%) to flip social norms. Use respected team influencers as early champions. Create positive peer pressure through team-based adoption goals with shared rewards. Surface silent majority who actually want to adopt but fear peer judgment. Restructure teams to mix champions with resisters (break up resistance clusters). Celebrate team successes attributed to AI adoption."
O3.2,Champion Isolation,Organizational,Team Dynamics,Early adopters become isolated—seen as 'other' rather than leaders,"Champions burn out from swimming upstream; 'Tall poppy syndrome'—cutting down enthusiasts",No critical mass; lone champions can't shift team norms,"Champions leave or give up; adoption stalls",50-60% when champion networks don't reach critical mass (15-20% of team),Early Adopters,AI Champions,"Build formal Champions Network connecting isolated enthusiasts. Provide champions with organizational air cover and executive sponsorship. Create visible status and rewards for champions (awards, recognition, career opportunities). Use champions as trainers/mentors creating legitimate role. Ensure champions have peer community for support and idea exchange. Fast-track champion career progression to demonstrate value of role."
O3.3,Knowledge Hoarding,Organizational,Team Dynamics,AI experts gatekeep knowledge to maintain status/job security,"'Come to me for AI questions' (centralized dependency); Not documenting workflows; tribal knowledge",Individual incentives (be indispensable) conflict with collective goals (democratize AI),Adoption bottlenecked by expert availability,30-40% when AI talent is scarce,AI Experts,Technical Specialists,"Redesign incentives to reward knowledge-sharing over knowledge-hoarding. Create 'Documentation Bonuses' for experts who create self-service materials. Implement 'Train the Trainer' model making experts multipliers. Recognize experts for team success, not individual indispensability. Build redundancy by cross-training multiple team members on each capability. Use internal platforms (wikis, video libraries) to democratize knowledge."
O3.4,Cross-Functional Coordination Failure,Organizational,Team Dynamics,AI initiatives require collaboration across functions (IT legal compliance business) that don't naturally work together,"'IT says wait for platform business can't wait'; Legal blocks tools over IP concerns; Compliance delays for risk reviews",Functions optimize locally not system-wide,AI projects trapped in coordination limbo,60-70% in large complex organizations,Cross-Functional Teams,Project Coordinators,"Create dedicated cross-functional AI teams with representatives from IT, Legal, Compliance, Business. Use Agile methods (daily standups, sprint planning) to maintain coordination. Implement shared success metrics requiring all functions to win together. Create escalation paths for rapid conflict resolution. Use executive sponsors to break cross-functional deadlocks. Develop 'AI Operating Model' defining how functions work together with SLAs."
O4.1,Workflow Integration Failure,Organizational,Process & Workflow,AI tools exist as separate applications not embedded in existing workflows,"'I have to leave my main system to use AI'; AI feels like extra work not enabling work",AI tools built as standalone vs. integrated into daily software (CRM ERP BI),Adoption requires changing habits—high friction,70-80% of AI deployments,End Users,Process Owners,"Integrate AI capabilities directly into existing systems (CRM, ERP, BI tools) via APIs/plugins. Build 'AI-first' versions of existing workflows rather than parallel processes. Use browser extensions or sidebar integrations to minimize context switching. Provide single sign-on and unified UX across tools. Map user journeys to identify integration points with highest impact. Co-design integrated workflows with end users."
O4.2,Handoff Ambiguity,Organizational,Process & Workflow,Unclear where human work ends and AI begins (and vice versa),"'Do I validate AI output? How thoroughly?'; 'Can I override AI recommendations? When?'",Process redesign skipped—AI dropped into old workflows,"Confusion leads to either over-reliance (blind trust) or under-reliance (ignore AI)",60-70% of use cases,Process Participants,Workflow Owners,"Document explicit human-AI handoff protocols for each use case. Create decision trees showing when to trust vs. validate vs. override AI. Provide training on 'AI-assisted workflows' with clear role definitions. Use visual workflow diagrams showing human and AI responsibilities. Implement gradual autonomy—start with 'AI suggests, human decides' and progress to 'AI decides, human monitors' as trust builds."
O4.3,Feedback Loop Absence,Organizational,Process & Workflow,No mechanism for users to report AI errors suggest improvements or see their feedback incorporated,"AI makes same mistakes repeatedly; Users feel powerless ('tool is what it is')",AI treated as fixed product vs. learning system,"Quality doesn't improve; user frustration grows",50-60% of deployments,AI Users,Product Owners,"Build user feedback mechanisms directly into AI interfaces (thumbs up/down, comment fields). Create 'AI Improvement Backlog' visible to users showing feedback status. Implement rapid feedback incorporation cycles (weekly updates). Recognize users who submit high-value feedback. Close the loop by communicating when user feedback drove improvements. Use feedback analytics to prioritize quality improvements."
O4.4,Output Handoff Friction,Organizational,Process & Workflow,AI produces outputs in formats incompatible with downstream processes,"Manual reformatting required; AI output can't be directly used in next step",AI solution designed without understanding full workflow context,"AI adds step rather than removing steps—net negative efficiency",40-50% of use cases,Process Users,Operations Staff,"Map end-to-end workflows before AI implementation to understand output requirements. Design AI to produce outputs in downstream-ready formats. Build automated handoff pipelines (e.g., AI output auto-populates next system). Provide output templates/transformations users can configure. Test full workflow integration before production deployment. Measure net efficiency impact (end-to-end time, not just AI task time)."
T1.1,Data Fragmentation,Technical,Data Frictions,Data required for AI exists in hundreds of disparate systems,"Manual data gathering required before AI can run; Months to build data pipelines for single use case",Legacy architecture; decades of system accretion without integration,AI use cases with clear value can't be built due to data unavailability,80-90% of large enterprises,Data Engineers,IT Architects,"Prioritize AI use cases requiring minimal data integration for quick wins. Build reusable data pipelines serving multiple use cases. Implement data fabric/mesh architecture for unified data access. Use APIs and connectors to access data in place rather than moving data. Invest in data catalog to make data discoverable. Accept 'good enough' data quality for pilots, improve iteratively."
T1.2,Data Quality Deficits,Technical,Data Frictions,Missing fields inconsistent formats duplicates errors in training/inference data,"'Garbage in garbage out'; AI hallucinations or low accuracy; Extensive data cleaning required (70-80% of AI project time)",Data collected for operations not analytics; no data quality SLAs,"AI models underperform; business loses trust",70-80% of datasets,Data Scientists,Analytics Teams,"Scope AI use cases to data with acceptable quality levels. Implement data quality monitoring and improvement programs. Use AI for data cleaning (anomaly detection, imputation). Build data quality SLAs into source system requirements. Create feedback loops where AI identifies data quality issues for remediation. Accept imperfect data and focus on model robustness to data quality variations."
T1.3,Data Access Restrictions,Technical,Data Frictions,Privacy security or regulatory constraints prevent AI from accessing necessary data,"Months-long approval processes; Can't combine datasets (e.g., HR + performance data)",Conservative legal/compliance interpretation; lack of data access governance,"High-value use cases blocked by policy, not technology",50-60% in regulated industries,Compliance Officers,Data Governance Teams,"Develop explicit data access governance frameworks with AI-specific provisions. Use privacy-preserving techniques (differential privacy, federated learning) to enable AI without exposing raw data. Create 'data clean rooms' for approved AI use cases. Implement automated access control reducing approval time. Educate legal/compliance on AI data requirements and risk mitigations. Demonstrate AI value using available data first, then advocate for expanded access."
T1.4,Data Latency,Technical,Data Frictions,By time data reaches AI system it's stale—decisions based on outdated information,"Real-time use cases impossible (batch processing only); Recommendations lag reality",Data pipelines designed for reporting (overnight batch) not real-time inference,AI can't support time-sensitive decisions,60-70% of legacy infrastructure,Data Platform Teams,Infrastructure Engineers,"Upgrade to streaming data architectures for time-sensitive use cases. Use caching and pre-computation to reduce latency. Implement real-time data integration (CDC, event streaming). Scope AI use cases to acceptable latency levels (some decisions can tolerate delay). Build hybrid architectures (real-time + batch) matching requirements to capabilities. Invest in modern data infrastructure (cloud, real-time databases)."
T2.1,Over-Engineering (Multi-Agent Complexity),Technical,Platform & Architecture,Architects design complex multi-agent systems when simpler single-agent would suffice,"€50K-€200K/month coordination overhead; 12-18 month build timelines; Debugging nightmares (which agent failed?)",Engineers optimize for technical elegance vs. business value,"Projects delayed, over-budget, fragile in production",30-40% of GenAI projects,AI Architects,Engineering Leads,"Apply 'Context Over Complexity' principle—start with single agent + rich context (RAG, knowledge graphs). Use multi-agent only when single agent saturates (20+ use cases). Implement business case reviews catching over-engineering early. Create architecture review boards with business representation. Demonstrate cost/complexity of multi-agent vs. single-agent options. Use TCC (True Cost of Conversation) calculator to quantify coordination overhead."
T2.2,Platform Lock-In Anxiety,Technical,Platform & Architecture,Fear of committing to vendor platform (e.g., Azure OpenAI) creates decision paralysis,"'Let's evaluate 5 more vendors'; Building abstraction layers that delay delivery",Procurement/IT prioritize flexibility over speed; sunk cost fallacy avoidance,Competitive advantage lost while in evaluation mode,40-50% in large procurement-driven organizations,IT Procurement,Platform Teams,"Reframe from 'permanent decision' to 'best option today with migration options tomorrow'. Use abstraction layers selectively (for core capabilities, not everything). Set decision deadlines with default choice if criteria not met. Demonstrate opportunity cost of delay (competitor advantage, business value not captured). Accept that some lock-in is inevitable and acceptable if value justifies it. Start with vendor pilots requiring minimal commitment."
T2.3,Legacy System Integration Complexity,Technical,Platform & Architecture,AI must integrate with decades-old transactional systems (mainframes custom ERP),"No APIs; screen scraping required; Integration takes longer than AI model building",Technical debt from deferred modernization,High-value use cases infeasible due to integration cost,60-70% in organizations with 20+ year old core systems,Integration Architects,Legacy System Owners,"Use API gateways and middleware to expose legacy systems. Accept manual handoffs for pilots, automate integration once value proven. Scope AI use cases to data accessible via existing integration layers. Build business case for legacy modernization using AI value as justification. Use RPA/screen scraping as temporary bridge. Prioritize cloud-native use cases reducing legacy dependency."
T2.4,Tool Sprawl,Technical,Platform & Architecture,Multiple AI tools/platforms deployed without standardization,"Employees confused which tool to use when; Duplicate spend on overlapping capabilities; Support burden escalates",Decentralized procurement; shadow IT; lack of platform governance,Adoption fragmented across incompatible tools,50-60% in organizations without platform standards,Platform Managers,IT Governance,"Establish AI platform standards with approved vendor list. Conduct tool rationalization consolidating overlapping capabilities. Implement enterprise license agreements for scale economics. Create tool selection decision trees helping employees choose right tool. Grandfather existing tools while preventing new sprawl. Use centralized procurement approval for AI tools. Build integration layer connecting approved tools where consolidation not feasible."
T3.1,Usability Problems,Technical,User Experience,AI tools have poor UX—unintuitive slow error-prone,"'Faster to do manually'; Training required repeatedly (not intuitive)",Tools designed by engineers for engineers not end users,Adoption limited to technically sophisticated users,60-70% of internal AI tools,End Users,Non-Technical Staff,"Conduct user research and usability testing with actual end users. Apply consumer-grade UX design principles to enterprise AI tools. Use low-code/no-code interfaces reducing technical barriers. Implement progressive disclosure (simple interface by default, advanced features opt-in). Provide in-app guidance and contextual help. Iterate UX based on usage analytics and feedback. Hire UX designers for AI product teams."
T3.2,Performance Issues,Technical,User Experience,AI tools are slow (latency) unreliable (downtime) or produce inconsistent results,"'It's down again'; Waiting 30 seconds for response (vs. instant human answer)",Infrastructure under-provisioned; models not optimized for production,"Users revert to manual methods when AI is unavailable/slow",40-50% in early production deployments,Production Users,Technical Operations,"Invest in infrastructure capacity planning and load testing. Optimize model inference performance (quantization, caching, batch processing). Implement SLA monitoring with proactive alerting. Provide fallback options when AI unavailable. Communicate planned maintenance and outages proactively. Build reliability into architecture (redundancy, auto-scaling). Establish performance SLAs and track publicly."
T3.3,Opacity (Black Box Problem),Technical,User Experience,AI provides answer without explanation—users don't understand 'why',"'How did it reach this conclusion?'; Trust deficit—can't validate reasoning",Complex models (neural networks) inherently difficult to explain,Adoption limited to low-stakes decisions (can't use for critical choices),70-80% of deep learning models,Decision Makers,Compliance Officers,"Implement explainable AI techniques (SHAP, LIME, attention visualization). Provide 'confidence scores' and 'similar examples' alongside predictions. Use simpler interpretable models where explainability critical. Create layered explanations (simple for users, detailed for auditors). Document model logic and training data in accessible language. Train users on interpreting AI outputs and explanations. Balance accuracy vs. interpretability based on use case requirements."
T3.4,Error Handling Failure,Technical,User Experience,When AI makes mistakes system doesn't gracefully degrade or alert user,"Silent failures (wrong answer, no indication); Catastrophic errors (system crashes)",Insufficient testing of edge cases; AI robustness not prioritized,Single high-profile failure destroys trust org-wide,50-60% of production AI systems,Quality Assurance,System Reliability Engineers,"Implement comprehensive error handling and graceful degradation. Add confidence thresholds below which AI escalates to human. Provide clear error messages explaining what went wrong and next steps. Build fallback mechanisms (default to simpler model or human process). Conduct extensive edge case testing before production. Use chaos engineering to test failure modes. Implement monitoring detecting silent failures through statistical process control."
T4.1,Skills Gap (Technical Teams),Technical,Technical Capability,Internal teams lack expertise to build deploy maintain AI systems,"Heavy reliance on consultants/vendors; AI projects stall when external expertise leaves",AI talent shortage; can't hire fast enough,"Vendor dependency; lack of internal ownership",60-70% of traditional enterprises (non-tech companies),IT Teams,Development Teams,"Invest in upskilling existing technical staff (certifications, training programs). Use 'Learning by Doing'—pair internal staff with consultants for knowledge transfer. Hire AI capability through acquisitions or acquihires. Partner with universities for talent pipeline. Accept 'build, partner, buy' hybrid model matching internal capabilities. Use low-code/no-code AI platforms reducing specialized skill requirements. Create AI Centers of Excellence concentrating scarce talent."
T4.2,Infrastructure Readiness Gap,Technical,Technical Capability,Existing IT infrastructure can't support AI workloads (compute storage networking),"Model training takes weeks (should be hours); Can't scale to production load",Infrastructure designed for traditional applications not AI,AI limited to small-scale pilots,50-60% in organizations without cloud-native infrastructure,Infrastructure Teams,Cloud Architects,"Migrate AI workloads to cloud with elastic compute and specialized AI accelerators. Build hybrid architecture (cloud for AI, on-prem for legacy). Implement GPU/TPU infrastructure for training and inference. Use managed AI services (SageMaker, Azure ML) abstracting infrastructure complexity. Conduct capacity planning for AI workloads separately from traditional IT. Modernize network and storage for AI data movement requirements."
T4.3,Model Drift,Technical,Technical Capability,AI model accuracy degrades over time as data distribution changes,"'AI was great 6 months ago now it's terrible'; Recommendations increasingly irrelevant",No monitoring/retraining pipelines; models treated as static,"Trust evaporates; adoption reverses",70-80% of AI models in production >12 months without retraining,ML Operations Teams,Model Owners,"Implement MLOps practices with continuous monitoring for drift. Set up automated retraining pipelines triggered by performance degradation. Use A/B testing to validate retrained models before deployment. Build human-in-the-loop feedback improving training data. Establish model lifecycle management with planned refresh cycles. Monitor business KPIs alongside model metrics detecting real-world impact. Communicate model updates and improvements to users maintaining trust."
G1.1,Regulatory Uncertainty,Governance,Policy & Regulatory,Unclear how regulations (EU AI Act GDPR industry-specific rules) apply to AI use cases,"Compliance teams block use cases 'to be safe'; Months-long legal reviews",New regulations; lack of precedent/guidance,Innovation throttled by risk aversion,60-70% in regulated industries (banking healthcare energy),Compliance Teams,Legal Counsel,"Develop AI-specific regulatory interpretation frameworks with legal counsel. Engage regulators proactively seeking guidance on novel use cases. Use 'regulatory sandboxes' where available for innovation with oversight. Create tiered risk classification with differentiated governance (high-risk = strict, low-risk = light). Build industry coalitions developing shared regulatory approaches. Hire regulatory experts with AI background. Document compliance rationale for defensibility."
G1.2,Governance Overhead,Governance,Policy & Regulatory,Compliance processes designed for traditional IT applied to AI—excessive bureaucracy,"6-12 month approval cycles; 50-page documentation requirements",Risk frameworks not adapted to AI's iterative experimental nature,AI can't move at speed required to capture value,70-80% in risk-averse cultures,Governance Officers,Risk Management,"Redesign governance for AI's iterative nature (fast pilots, rigorous production deployment). Implement tiered governance matching risk level to oversight intensity. Use automation for compliance checks (policy-as-code). Create 'AI Fast Track' for pre-approved patterns. Reduce documentation burden through templates and reusable components. Embed governance in development workflows (not separate stage). Time-box approval processes with escalation for delays."
G1.3,Governance-as-Afterthought,Governance,Policy & Regulatory,Teams build AI first then discover governance requirements block deployment,"Rework/delays when compliance steps in late; Friction between innovation teams (move fast) and compliance (move carefully)",Governance not embedded in development process,"Projects stall at finish line; demoralized teams",50-60% of organizations without AI-specific governance,Development Teams,Innovation Teams,"Implement 'Shift Left' governance—involve compliance from inception. Create AI development frameworks with governance gates at key milestones. Use governance checklists guiding teams proactively. Embed compliance SMEs in AI product teams. Conduct early risk assessments before significant investment. Train developers on governance requirements. Celebrate governance-compliant launches recognizing teams who got it right."
G1.4,Cross-Border Data Restrictions,Governance,Policy & Regulatory,Data sovereignty laws prevent moving data across borders for AI training/inference,"Can't build global models (must regionalize); Duplicate infrastructure/costs","GDPR, data localization laws, geopolitical tensions","Scale economies lost; AI value diminished",40-50% of global organizations,Global IT Teams,Data Privacy Officers,"Use federated learning training models without moving data. Build regional data centers complying with localization requirements. Implement data residency controls and audit trails. Use synthetic data or anonymization for global model training. Segment use cases into regional vs. global based on data requirements. Engage policy makers advocating for AI-friendly data flow regulations. Accept regional model variations where necessary."
G2.1,Accountability Vacuum,Governance,Risk Management,Unclear who is accountable when AI makes mistakes—developer user business owner or executive?,"Finger-pointing post-incident; Risk aversion due to unclear liability",RACI (Responsible Accountable Consulted Informed) not defined for AI decisions,"Everyone responsible = no one responsible; risk aversion prevails",70-80% of organizations,Business Owners,Executive Sponsors,"Define explicit accountability frameworks using RACI matrices for AI decision types. Establish 'AI Decision Authority Levels' (e.g., automated decisions require executive sponsor). Document accountability in AI product specifications. Create incident response protocols with clear ownership. Use 'Accountability by Design'—roles defined before deployment. Implement decision logging supporting accountability forensics. Provide liability insurance or legal protection for reasonable AI-assisted decisions."
G2.2,Bias & Fairness Concerns,Governance,Risk Management,Fear AI will perpetuate or amplify bias (gender race age) in decisions,"HR/legal block AI in hiring lending pricing; Reputational risk concerns",Historical data reflects historical bias; AI learns patterns,High-value use cases (talent credit) off-limits to AI,50-60% in consumer-facing or HR applications,HR Leaders,Legal Teams,"Implement bias testing in AI development lifecycle. Use fairness metrics (demographic parity, equal opportunity) with defined thresholds. Conduct algorithmic impact assessments for high-stakes use cases. Build diverse AI teams reducing blind spots. Use bias mitigation techniques (re-sampling, re-weighting, fairness constraints). Provide bias monitoring in production with alerts. Create ethical AI review boards evaluating fairness. Engage affected communities in AI design."
G2.3,Explainability Requirements,Governance,Risk Management,Regulators/auditors demand AI decision explanations that models can't provide,"'Right to explanation' (GDPR) conflicts with black-box models; Can't deploy best-performing models due to opacity",Tension between model accuracy (complex models) and interpretability (simple models),Sub-optimal models deployed to meet explainability mandates,60-70% in regulated domains (credit healthcare HR),Regulatory Affairs,Model Validators,"Use interpretable models (linear, tree-based) where explainability mandated. Implement explainable AI techniques (SHAP, LIME) for complex models. Create layered explanations matching audience (consumer vs. regulator). Document model logic, training data, and decision factors comprehensively. Use 'right-sized' explanations—sufficient for requirement, not over-engineered. Build explanation generation into AI systems. Test explanations with actual auditors/regulators for acceptance."
G2.4,Intellectual Property Ambiguity,Governance,Risk Management,Unclear if AI-generated content infringes copyright or who owns AI outputs,"Legal blocks GenAI for content creation; Can't commercialize AI outputs",IP law designed for human creators not AI,GenAI use limited to internal non-commercial contexts,40-50% in content-heavy industries,Legal Teams,Content Creators,"Develop IP policies for AI-generated content defining ownership and usage rights. Use AI trained only on licensed or public domain content. Implement content provenance tracking (human-created vs. AI-assisted vs. AI-generated). Obtain legal opinions on IP risk for specific use cases. Use indemnified AI services where vendor assumes IP risk. Create terms of use specifying AI-generated content treatment. Monitor evolving IP case law and adapt policies accordingly."
G3.1,Data Leakage Risk,Governance,Security & Privacy,Employees paste sensitive data (customer info IP strategy) into public LLMs,"IT blocks ChatGPT causing shadow IT; Data breaches via AI tools",Users don't understand data flows; convenience beats security,Security incidents → AI tools banned org-wide,70-80% of organizations (majority lack AI-specific data controls),IT Security,All Employees,"Provide approved enterprise AI tools with data controls as 'path of least resistance'. Implement DLP (data loss prevention) blocking sensitive data to public LLMs. Conduct security awareness training on AI-specific risks. Use network controls allowing only approved AI endpoints. Monitor for shadow AI usage and redirect to approved tools. Create clear policies on acceptable AI tool usage. Provide 'AI Security Sandbox' for experimentation with synthetic data."
G3.2,Model Poisoning/Adversarial Attacks,Governance,Security & Privacy,Bad actors manipulate training data or inputs to corrupt AI outputs,Security teams block AI in externally-facing applications,AI models vulnerable to adversarial inputs in ways traditional software isn't,AI restricted to internal low-risk use cases,30-40% in high-security contexts (defense finance),Security Engineers,Threat Intelligence Teams,"Implement adversarial robustness testing during development. Use input validation and sanitization for AI systems. Apply rate limiting and anomaly detection preventing attacks. Conduct red team exercises testing AI security. Use secure training pipelines with data integrity verification. Implement model versioning and rollback capabilities. Monitor model outputs for anomalies indicating compromise. Build defense-in-depth with multiple security layers."
G3.3,Privacy Violations,Governance,Security & Privacy,AI inadvertently exposes personal data in outputs or requires excessive data access,"GDPR violations; Can't deploy AI in EU/California due to privacy concerns",Privacy-by-design not incorporated; AI maximizes data access,Geographic restrictions or use case cancellations,50-60% in consumer data contexts,Privacy Officers,Legal Compliance,"Implement Privacy by Design—minimize data collection and retention. Use privacy-enhancing technologies (differential privacy federated learning synthetic data). Conduct Privacy Impact Assessments for AI use cases. Implement data anonymization and pseudonymization. Build data access controls limiting AI to necessary data only. Provide transparency on AI data usage to consumers. Implement 'right to be forgotten' for AI training data. Get explicit consent for AI processing of personal data where required."
G3.4,Third-Party Vendor Risk,Governance,Security & Privacy,Using external AI APIs (OpenAI Anthropic) creates vendor dependency and security concerns,"Security reviews block vendor tools; Concerns about vendor accessing sensitive data",Lack of trust in vendor data handling; vendor lock-in fears,Months-long vendor security reviews; or outright bans,60-70% in risk-averse organizations,Vendor Management,Procurement Teams,"Conduct thorough vendor security assessments using standardized frameworks. Negotiate data protection terms in contracts (data residency deletion no training on customer data). Use enterprise AI services with stronger security commitments than consumer versions. Implement vendor risk monitoring for ongoing compliance. Create approved vendor list expediting procurement. Use contractual protections (liability indemnification audit rights). Build vendor independence through abstraction layers where feasible. Consider on-premise or private cloud deployment for sensitive use cases."
G4.1,Audit Trail Gaps,Governance,Compliance & Audit,Can't reconstruct how AI reached specific decision—fails audit requirements,"Auditors flag AI systems as non-compliant; Manual documentation required (defeating automation purpose)",Logging/versioning not built into AI systems,AI can't be used in audited processes,60-70% in financial services healthcare,Audit Teams,Compliance Officers,"Implement comprehensive logging of AI decisions (inputs model version outputs timestamp). Use model versioning and lineage tracking. Create audit trails showing human-AI handoffs. Build 'audit readiness' into AI systems from inception. Use immutable logs (blockchain append-only databases) preventing tampering. Provide audit report generation capabilities. Test auditability with actual auditors before production. Document model governance and change control processes."
G4.2,Model Validation Bottlenecks,Governance,Compliance & Audit,Regulatory requirement for independent model validation creates multi-month delays,"6-12 month validation cycles (banking: Basel IFRS9); Validators lack AI expertise",Traditional model risk frameworks applied to AI without adaptation,"By time model validated, market/requirements changed",70-80% in banking insurance,Model Validators,Risk Officers,"Adapt model validation frameworks for AI (e.g., separate methodology validation from parameter tuning). Build internal AI validation capability reducing external dependency. Use continuous validation (not point-in-time) with automated testing. Implement 'validation sprints' aligned to Agile development. Pre-validate AI model classes allowing instance-level lighter reviews. Invest in validator AI training. Use regulatory sandboxes allowing provisional deployment during validation. Engage validators early in development for feedback."
G4.3,Documentation Burden,Governance,Compliance & Audit,Compliance requires exhaustive documentation (data sources model logic validation monitoring),"50-100 page documents per model; Data scientists spend more time documenting than developing",Regulations designed for transparency; AI's complexity makes documentation exponentially harder,"Developer productivity plummets; only highest-value use cases justify cost",60-70% in regulated industries,Data Scientists,Documentation Teams,"Use documentation templates and automation tools generating model documentation. Implement 'documentation as code' alongside model development. Build reusable documentation components for common model patterns. Use AI to generate documentation from code and metadata. Create tiered documentation (executive summary technical details). Standardize documentation formats across AI initiatives. Assign technical writers supporting data scientists. Accept 'good enough' documentation for low-risk models; reserve exhaustive documentation for high-risk."
G4.4,Continuous Monitoring Requirements,Governance,Compliance & Audit,Regulators require ongoing monitoring for bias drift performance—resource intensive,"Models deployed without monitoring (non-compliant); Or monitoring overhead limits # of models in production",Traditional software = deploy and forget; AI requires active maintenance,AI portfolio constrained by monitoring capacity,50-60% of production AI systems,MLOps Teams,Monitoring Specialists,"Build automated monitoring into AI systems (model performance drift bias metrics). Use ML Ops platforms consolidating monitoring across model portfolio. Set alert thresholds triggering investigation or remediation. Create monitoring dashboards for business stakeholders and regulators. Implement sampling-based monitoring reducing cost for high-volume systems. Use synthetic monitoring testing model behavior continuously. Build monitoring capacity planning into AI roadmap. Prioritize monitoring investment on highest-risk models."
E1.1,Unclear Business Case,Economic,Investment & Budgeting,Can't quantify AI value pre-deployment—hard to justify investment,"Finance rejects proposals ('show me the ROI'); Pilots funded but not scaled",AI benefits (speed quality risk reduction) hard to translate to P&L impact,"Only 'no-brainer' use cases funded; transformative opportunities missed",70-80% of AI proposals,Finance Leaders,Budget Owners,"Develop AI business case frameworks translating capabilities to financial impact. Use analogies and benchmarks from similar organizations. Start with pilot ROI extrapolating to scale. Quantify current process costs establishing baseline. Use 'cost to NOT do AI' framing (competitive risk, efficiency gap). Accept probabilistic ROI ranges rather than precise figures. Use staged funding (pilot production scale) reducing risk. Create AI investment thesis showing portfolio returns not individual project returns."
E1.2,Budget Allocation Conflicts,Economic,Investment & Budgeting,IT budget vs. business unit budget—who pays for AI?,"Projects stall over funding responsibility; Both sides claim 'not my budget'",AI crosses traditional budget boundaries (technology + business value),"High-value projects unfunded despite total available budget sufficient",60-70% in matrix organizations,Budget Holders,Finance Directors,"Create dedicated AI transformation budget with joint IT-Business governance. Use cost-sharing models (e.g., 50/50 IT-Business, or IT for platform, Business for use cases). Implement chargeback or showback models allocating costs transparently. Build AI investment into annual planning cycle with clear ownership. Use executive steering committee resolving budget disputes. Create 'AI Innovation Fund' for cross-cutting initiatives. Demonstrate cost of budget conflicts (missed opportunities, delayed value)."
E1.3,Short-Term Pressure,Economic,Investment & Budgeting,AI investments require 12-24 months to pay off; leadership demands quarterly results,"AI projects cancelled mid-stream ('not delivering fast enough'); Shift to tactical wins vs. strategic bets",Public company quarterly reporting pressure; PE portfolio optimization timelines,"Only incremental AI use cases survive; transformative opportunities require longer horizons",50-60% in short-term oriented cultures,CFOs,Executive Leadership,"Balance quick wins (30-90 day payback) with strategic bets (12-24 month payback) in portfolio. Communicate realistic AI timelines to board/investors. Use staged value delivery showing progress quarterly. Create protected 'long-term investment' buckets insulated from short-term pressure. Demonstrate competitive consequences of under-investment. Use strategic narrative emphasizing AI as platform capability not one-time project. Engage board in AI strategy setting realistic expectations."
E1.4,Hidden Costs (Total Cost of Ownership),Economic,Investment & Budgeting,Organizations budget for platform licenses but not data engineering change management governance maintenance,"Budget overruns; 'We bought the platform but can't afford to implement it'","TCO estimation immaturity; analogy to traditional software fails","AI projects under-resourced; fail due to execution gaps",60-70% of organizations new to AI,Project Managers,Budget Planners,"Use AI TCO models including platform + data + change management + governance + operations. Benchmark implementation costs against platform costs (often 3-5x). Build TCO calculator with industry benchmarks. Include ongoing costs (retraining monitoring support) not just initial build. Use phased budgeting aligning funding to actual spending patterns. Conduct lessons learned from initial projects informing future estimates. Allocate contingency (20-30%) for AI uncertainty."
E2.1,Measurement Opacity,Economic,Value Capture,Organizations can't measure AI value accurately—activity metrics (# models) vs. outcome metrics ($ saved),"Reporting '100 models deployed' but can't answer 'what value?'; Anecdotal success stories not audited financials",Lack of Activity → Outcome → Impact measurement frameworks,"Can't justify continued investment; can't optimize portfolio",70-80% of organizations,Analytics Leaders,Performance Managers,"Implement Activity → Outcome → Impact measurement framework. Track leading indicators (usage adoption) and lagging indicators (business KPIs financial impact). Use control groups or A/B testing isolating AI contribution. Build P&L attribution models linking AI to revenue/cost. Create executive dashboards showing business value not just technical metrics. Conduct value realization studies with finance validation. Set up measurement frameworks before deployment enabling baseline comparison."
E2.2,Attribution Challenges,Economic,Value Capture,Hard to isolate AI's contribution vs. other factors (process change market conditions),"'Revenue grew 10%—how much was AI vs. other initiatives?'; Credit disputes between AI team and business units",AI embedded in complex processes with multiple confounding variables,"AI teams can't prove value; skepticism persists",60-70% of use cases,Business Analysts,Finance Teams,"Use quasi-experimental designs (difference-in-differences matched controls) isolating AI effect. Conduct A/B testing where feasible. Use statistical models controlling for confounding factors. Accept attribution ranges rather than precise figures. Focus on directional impact and trends over time. Use qualitative evidence complementing quantitative (user testimonials process changes). Create joint success metrics removing AI vs. Business attribution disputes. Document counterfactual (what would have happened without AI)."
E2.3,Lagging Benefits,Economic,Value Capture,AI efficiency gains don't translate to P&L immediately (headcount not reduced revenue not increased),"'AI saved 1000 hours/month but we didn't cut staff or grow revenue'; Efficiency gains absorbed by workload expansion",Organizations don't redeploy freed capacity; efficiency = do more work not reduce cost,"CFO sees no bottom-line impact despite real efficiency",50-60% of efficiency-focused use cases,Operations Leaders,CFO,"Proactively plan capacity redeployment (revenue growth initiatives innovation customer service). Measure P&L impact not just productivity (reduced OT, avoided hiring, faster time-to-market). Set expectation that efficiency enables growth not cost cutting. Link AI efficiency to strategic objectives (entering new markets launching new products). Use efficiency for employee experience (reduced burnout higher engagement) not just financial metrics. Create explicit value capture plans before efficiency improvements realized."
E2.4,Winner's Curse (Over-Estimated ROI),Economic,Value Capture,Business cases inflate benefits to secure funding; reality disappoints,"Pilot delivers 5x ROI, production delivers 1.2x; Credibility loss → harder to fund next initiatives",Incentive to over-promise; pilot conditions don't scale to production,"AI disillusionment; 'we tried AI it didn't work'",40-50% of projects,Program Managers,Business Case Authors,"Use realistic assumptions conservative estimates in business cases. Conduct reference checks with other organizations achieving claimed ROI. Include 'reality factors' discounting pilot ROI for production (user proficiency variability edge cases). Communicate ROI ranges and confidence levels not point estimates. Use phased funding contingent on achieving milestones. Celebrate realistic business cases not optimistic ones. Conduct post-implementation reviews comparing actual vs. projected ROI informing future estimates."
E3.1,Unpredictable Costs (GenAI Inference),Economic,Cost Management,Token-based pricing for LLMs creates variable costs hard to forecast,"Monthly bills vary 3x depending on usage; Finance can't budget accurately",Consumption-based pricing; usage patterns uncertain,"Finance restricts usage to control costs, limiting value",50-60% using external GenAI APIs,Finance Teams,Platform Managers,"Implement usage monitoring and forecasting tools. Use enterprise agreements with volume commitments reducing per-unit costs. Optimize prompts and context reducing token consumption. Implement caching reducing redundant API calls. Set usage quotas by user/team with alerts approaching limits. Build cost-awareness into user interfaces showing token consumption. Use reserved capacity for predictable workloads pay-as-you-go for variable workloads. Consider self-hosted models for high-volume stable use cases."
E3.2,Talent Cost Escalation,Economic,Cost Management,AI talent (data scientists ML engineers) commands 2-3x premium vs. traditional IT,"Can't compete with tech companies for talent; High turnover; knowledge loss",Supply-demand imbalance; AI talent shortage,"Vendor dependency; or talent gaps limit ambition",70-80% in traditional industries,HR Leaders,Talent Acquisition,"Build AI talent pipeline through university partnerships internships apprenticeships. Upskill existing staff reducing external hiring needs. Create compelling AI career paths and learning opportunities competing with tech companies on development not just comp. Use flexible/remote work attracting talent outside HQ locations. Partner with AI vendors and consultants augmenting internal capacity. Leverage low-code/no-code AI platforms reducing specialized skill requirements. Create AI Centers of Excellence making organization attractive to AI talent (interesting problems cutting-edge work)."
E3.3,Infrastructure Costs,Economic,Cost Management,Training large models or high-volume inference requires expensive compute (GPUs specialized chips),"Cloud bills escalate rapidly; ROI marginal after infrastructure costs",AI workloads 10-100x more compute-intensive than traditional applications,Only high-value use cases justify infrastructure investment,50-60% of compute-intensive use cases,IT Finance,Cloud Engineers,"Use FinOps practices optimizing cloud spending for AI workloads. Implement autoscaling and spot instances reducing costs. Use right-sized models balancing performance and cost. Leverage managed AI services amortizing infrastructure across customers. Use cost-benefit analysis prioritizing use cases by value/compute ratio. Implement chargeback making business units cost-conscious. Optimize model inference (quantization pruning knowledge distillation) reducing compute requirements. Consider long-term reserved capacity for stable workloads."
E3.4,Maintenance/Technical Debt,Economic,Cost Management,AI systems require ongoing retraining monitoring debugging—maintenance costs escalate,"Initial build is 30% of TCO; maintenance is 70%; AI portfolio constrained by maintenance capacity",AI is not 'deploy and forget'—continuous investment required,"Organizations deploy more models than they can maintain; quality degrades",60-70% of AI systems in production >18 months,ML Operations,Technical Leads,"Build MLOps infrastructure automating retraining monitoring deployment. Implement model lifecycle management with planned refresh and retirement. Use model performance thresholds triggering automated retraining. Simplify model architectures reducing maintenance burden. Retire low-value models freeing capacity for high-value models. Budget maintenance as 2-3x initial development cost in TCO. Build 'maintainability' into model selection criteria. Create dedicated MLOps team providing leverage across model portfolio."
C1.1,'We're Not a Tech Company' Identity,Cultural,Cultural Identity,Organizational identity tied to industry domain not technology capability,"'We're an energy company not Google'; Technology seen as support function not core competency",Decades of industry identity; technology traditionally outsourced/purchased,"AI treated as vendor relationship, not internal capability to build",70-80% in traditional industries (manufacturing energy transportation retail),Traditional Industry Leaders,Non-Tech Executives,"Reframe identity to '[Industry] company powered by technology' not '[Industry] company using technology'. Use CEO messaging emphasizing technology as competitive differentiator. Showcase industry peers who made technology core capability and won. Build internal technology capability through hiring and M&A signaling commitment. Create technology career paths attracting and retaining tech talent. Invest in R&D and innovation centers. Partner with tech companies bringing expertise while building internal capability. Position AI as industry transformation enabler not generic technology."
C1.2,Risk-Averse Culture,Cultural,Cultural Identity,'Never be first; fast followers win' cultural norm,"Waiting for competitors to prove AI before adopting; Pilots acceptable; production deployment requires excessive proof",Historical success from operational excellence not innovation; penalty for failures exceeds reward for wins,Competitive position erodes while waiting for certainty,60-70% in regulated stable industries,Risk-Averse Leaders,Conservative Organizations,"Create 'safe-to-fail' environments where calculated risks are rewarded. Use competitive intelligence showing risk of inaction greater than risk of action. Implement staged rollouts reducing risk at each phase. Provide executive air cover for AI initiatives protecting teams from blame if reasonable experiments fail. Celebrate learning from failures not just successes. Use external validation (consultants analysts) reducing perceived risk. Start with low-risk high-value use cases building confidence. Position AI as risk mitigation (reducing operational risk compliance risk competitive risk) not risk creation."
C1.3,Hierarchical Authority Culture,Cultural,Cultural Identity,Decisions require senior approval; experimentation culturally illegitimate,"'We need VP sign-off to try this'; Bottom-up innovation suppressed",Command-and-control legacy; success = execute orders not question/experiment,AI experimentation (inherently iterative) doesn't fit culture,50-60% in hierarchical organizations (government military traditional corporates),Hierarchical Organizations,Command-and-Control Leaders,"Implement 'bounded autonomy'—teams can experiment within defined guardrails without approval. Use innovation time policies (e.g., 10% time for experimentation). Create executive sponsors providing air cover for team-level innovation. Shift from 'ask permission' to 'ask forgiveness' culture for low-risk activities. Use AI governance providing clarity on what's pre-approved. Recognize and reward bottom-up innovations publicly. Develop middle managers as innovation enablers not gatekeepers. Use external facilitators conducting innovation workshops legitimizing experimentation."
C1.4,Perfection Culture,Cultural,Cultural Identity,'Fail fast' rhetoric conflicts with 'zero defects' reality,"95% accurate AI rejected because 'not good enough'; Pilots never graduate because 'more testing needed'",Quality/safety cultures where mistakes = catastrophe (aviation healthcare nuclear),AI held to impossible standards; traditional methods (70% accurate) grandfathered in,40-50% in safety-critical domains,Quality Leaders,Safety-Critical Industries,"Reframe perfection as 'continuous improvement' not 'zero defects from day one'. Benchmark AI accuracy against current human/process accuracy (often lower than assumed). Use risk-based approach requiring higher accuracy only for high-stakes decisions. Implement human-in-the-loop for high-stakes use cases allowing AI assist with human validation. Use staged autonomy starting with AI suggestions progressing to AI decisions as confidence builds. Provide safety cases and hazard analysis showing AI risk managed to acceptable levels. Engage safety/quality teams in AI design incorporating their requirements not retrofitting compliance."
C2.1,Change Saturation,Cultural,Change Readiness,Organization experiencing multiple concurrent transformations—no capacity for another,"'AI is transformation #7 this year'; Employees ignore mandates (change fatigue)",Leadership belief that more initiatives = more progress; additive vs. substitutive change,"AI becomes noise in a cacophony; deprioritized by exhausted workforce",60-70% of large organizations,Change Management Leaders,Transformation Teams,"Consolidate change initiatives—position AI as enabler for other transformations not separate initiative. Create integrated change roadmap showing how initiatives relate. Pause lower-priority initiatives creating space for AI. Conduct change impact assessment measuring organizational capacity. Use AI to automate change management (communications training tracking) reducing burden. Provide 'change recovery' periods between major initiatives. Communicate realistic timelines accepting that capacity is finite. Engage employees in prioritization building buy-in for choices made."
C2.2,Success Complacency,Cultural,Change Readiness,'If it ain't broke don't fix it'—financial success reduces urgency,"'Our current processes work fine'; No burning platform driving change",Human tendency to optimize current state vs. explore alternatives when survival not threatened,"AI adoption optional; low investment/attention",50-60% in profitable dominant market players,Successful Incumbents,Market Leaders,"Create burning platform through competitive intelligence (how AI-native competitors gaining ground). Use scenario planning showing future where current model fails. Reframe from 'fixing broken' to 'achieving next level of performance'. Use external pressures (regulation customer expectations talent) creating urgency. Set ambitious goals (growth innovation) requiring AI to achieve. Use board pressure or activist investors driving transformation. Start with 'offensive' AI use cases (new revenue streams innovation) not just 'defensive' (efficiency cost cutting). Create vision of future state more attractive than current state."
C2.3,Trust Deficit (Leadership),Cultural,Change Readiness,Employees don't trust leadership to manage AI ethically/transparently,"Suspicion AI is prelude to layoffs; Belief AI benefits leadership not workers",Historical broken promises; layoffs post-automation; lack of transparent communication,Passive resistance disguised as compliance,40-50% in organizations with layoff history,Employees,Workforce,"Rebuild trust through transparent communication about AI strategy and workforce implications. Make explicit commitments (e.g., no AI-related layoffs during transformation period). Involve employees in AI design ensuring it serves their needs not just management needs. Create AI ethics board with employee representation. Demonstrate benefits to employees not just organization (reduced tedium skill development interesting work). Use pilot volunteers rather than mandates building trust through results. Address historical broken promises explicitly acknowledging past and committing to different approach. Share decision-making rationale transparently even when decisions are difficult."
C2.4,External Stakeholder Resistance,Cultural,Change Readiness,Customers regulators media or public skeptical/hostile to AI usage,"PR backlash when AI use revealed; Regulatory scrutiny; Customer churn",AI associated with bias job loss privacy invasion in public consciousness,"Organizations minimize visible AI use; marketing avoids 'AI-powered' messaging",30-40% in consumer-facing or politically sensitive sectors,Public Relations,Customer-Facing Teams,"Develop proactive stakeholder engagement strategy (customers regulators media). Create AI transparency reports showing responsible usage. Use AI ethics framework demonstrating values alignment. Engage customers in AI design incorporating feedback. Use 'human + AI' messaging rather than 'AI replacing humans'. Demonstrate benefits to stakeholders (faster service better outcomes). Create customer choice (opt-in to AI features). Build trust through consistent ethical behavior not just communication. Engage industry associations developing shared responsible AI standards. Use third-party validation (ethics audits certifications) building credibility."
C3.1,Not-Invented-Here Syndrome (Organizational),Cultural,Knowledge & Learning,Belief that external AI tools/best practices don't apply ('our business is unique'),"Rejecting proven vendor solutions to 'build our own'; 'That won't work here' default response",Pride in organizational uniqueness; insularity,"Reinventing wheel; missing opportunities to learn from others",50-60% in insular cultures (government family businesses industry leaders),Insular Organizations,Proud Institutions,"Use external benchmarking showing best practices and industry standards. Bring in outside perspectives (consultants advisors board members) challenging insularity. Create learning journeys visiting other organizations using AI successfully. Use pilot vendors providing proof of concept before build vs. buy decision. Highlight cost and time of custom builds vs. proven solutions. Create 'innovation scouting' function identifying external innovations for internal adoption. Reward teams for successful adoption of external solutions not just internal innovations. Reframe uniqueness as customer experience and domain expertise not technology architecture."
C3.2,Learning Culture Deficit,Cultural,Knowledge & Learning,Organization rewards expertise punishes visible learning/mistakes,"Senior people won't attend 'beginner' AI training (status threat); Mistakes hidden rather than shared",Credentialing culture; knowing = status not-knowing = weakness,"Surface learning (training completion) without deep learning (experimentation mistakes)",60-70% in credential-heavy professions (law medicine academia engineering),Professional Organizations,Credentialed Experts,"Create growth mindset culture celebrating learning over knowing. Use 'Expert Beginner' framing—experts in domain but beginners in AI is normal and respected. Provide executive-level learning programs (not 'beginner' labeled). Use cohort-based learning where senior staff learn together (shared vulnerability). Create 'learning showcases' where leaders share what they're learning. Recognize curiosity and question-asking as leadership competencies. Use failure retrospectives analyzing system issues not individual blame. Implement 'learning hours' where experimentation and mistakes are protected. Provide private practice environments before public use reducing performance anxiety."
C3.3,Knowledge Silos,Cultural,Knowledge & Learning,Learnings from AI pilots/deployments don't spread beyond initial team,"Team A solves problem Team B reinvents same solution; No communities of practice",Lack of knowledge-sharing infrastructure/incentives,"Adoption doesn't scale; every team learns same lessons from scratch",70-80% in large siloed organizations,Siloed Teams,Fragmented Organizations,"Create communities of practice connecting teams working on similar AI use cases. Build centralized knowledge repository (wiki documentation videos) for AI learnings. Implement 'showcase and share' rituals (monthly demos lunch-and-learns). Use AI champions network as knowledge-sharing mechanism. Create reusable assets (templates code libraries playbooks) reducing reinvention. Implement incentives for knowledge-sharing (recognition promotion criteria). Use cross-functional rotations spreading knowledge across silos. Build AI Center of Excellence providing centralized expertise and coordination. Use collaboration platforms (Slack Teams) enabling informal knowledge exchange."
C3.4,Short Institutional Memory,Cultural,Knowledge & Learning,Employee turnover causes loss of AI knowledge; new people restart learning curve,"AI champion leaves → adoption collapses; Documentation non-existent or outdated",Knowledge in people's heads not systems/processes,"AI adoption fragile; dependent on specific individuals",50-60% in high-turnover environments,High-Turnover Organizations,Retention-Challenged Teams,"Document AI processes decisions and learnings systematically (knowledge management). Build redundancy by cross-training multiple people on critical AI capabilities. Create AI onboarding programs transferring knowledge to new hires quickly. Use knowledge-sharing incentives encouraging documentation before departure. Implement exit interviews capturing knowledge from departing employees. Build institutional knowledge into systems and automation not just people. Use AI to capture and organize institutional knowledge. Improve retention of AI talent through career development competitive comp and interesting work. Create alumni networks maintaining connection to departed employees' knowledge."
C4.1,Inconsistent Messaging,Cultural,Communication & Narrative,Different leaders communicate conflicting AI narratives,"CEO says 'innovation' CFO says 'cost reduction' CTO says 'competitive necessity'; Employees confused about priority/purpose",Leadership alignment incomplete; messaging not coordinated,"Employees discount all messages as 'corporate speak'; don't internalize any",60-70% of large organizations,Leadership Teams,Communication Leaders,"Align executive team on unified AI narrative through facilitated workshops. Create messaging framework all leaders use consistently. Use single source of truth for AI communications. Implement speaker preparation for executives ensuring message consistency. Create executive communications calendar coordinating AI messaging. Use employee feedback identifying message inconsistencies. Hold executives accountable for message consistency through pulse surveys. Use integrated campaign approach (not isolated communications) telling coherent story over time."
C4.2,Abstraction Gap,Cultural,Communication & Narrative,Leadership communicates AI vision in abstract terms; employees can't connect to daily work,"'Be AI-first' (what does that mean Monday morning?); Strategy exists as slides not operational playbooks",Vision created in boardroom without translation layer,"Vision-execution gap—employees support idea don't change behavior",70-80% of strategic initiatives,Strategic Communications,Vision Translators,"Translate strategy into operational playbooks showing 'what good looks like' by role. Use storytelling showing real employees applying AI in their daily work. Create 'Day in the Life' scenarios illustrating vision in concrete terms. Use visual journey maps showing before/after AI adoption. Provide role-specific guidance (what should analyst do differently? what should manager do differently?). Use middle managers as translation layer adapting message to team context. Test communications with frontline employees ensuring clarity before broad rollout. Use video and interactive media (not just slides) showing AI in action."
C4.3,Hype Backlash,Cultural,Communication & Narrative,AI over-hyped by marketing/leadership; reality disappoints,"'AI will revolutionize everything' → tool has bugs limited functionality; Credibility crash",Marketing/leadership optimism untethered from operational reality,"Cynicism; future AI initiatives pre-dismissed",50-60% when marketing leads vs operations leads,Marketing Teams,Over-Optimistic Leaders,"Set realistic expectations communicating both capabilities and limitations of AI. Use honest communication acknowledging AI is journey not overnight transformation. Underpromise and overdeliver on AI capabilities. Let results speak louder than rhetoric (show don't just tell). Use customer/employee testimonials (authentic voices) rather than corporate marketing. Involve operations in communications ensuring accuracy. Create feedback loops where marketing hears reality from frontline. Use staged messaging (initial pilots → validation → scale) matching maturity. Apologize and course-correct when hype exceeds reality maintaining credibility."
C4.4,Transparency Deficit,Cultural,Communication & Narrative,Employees don't understand why AI decisions are made (use case selection budget allocation),"'Why are we building this but not that?'; Perception of favoritism/politics",Decision-making opaque; prioritization frameworks not shared,"Trust erosion; compliance without commitment",60-70% when governance operates behind closed doors,Governance Bodies,Decision Makers,"Share prioritization frameworks (e.g., G.R.I.P. matrix) used for AI decisions. Communicate rationale for use case selections including trade-offs considered. Use open roadmapping showing what's planned and why. Create feedback channels where employees can question decisions and get responses. Publish decision logs showing how choices were made. Use town halls and AMAs addressing AI strategy questions transparently. Involve employee representatives in governance forums. Accept that transparency includes sharing difficult trade-offs and constraints. Use transparency to build trust even when decisions are unpopular."